{
  "_fv": 73,
  "_type": "achievement",
  "definition": {
    "achievementName": "Getting closer...",
    "achievementDescription": "Do you see it?",
    "achievementIcon": {
      "value": "Items.SPAWN_EGG#95"
    },
    "background": "Default",
    "disableDisplay": false,
    "showPopup": true,
    "announceToChat": true,
    "hideIfNotCompleted": true,
    "rewardLoot": [],
    "rewardRecipes": [],
    "rewardXP": 0,
    "achievementType": "task",
    "parent": {
      "value": "No parent: root"
    },
    "triggerxml": "<xml xmlns=\"https://developers.google.com/blockly/xml\"><block type=\"advancement_trigger\" deletable=\"false\" x=\"40\" y=\"80\"><next><block type=\"biome_entered\"><field name=\"biome\">mutated_redwood_taiga</field></block></next></block></xml>"
  }
}