{
  "_fv": 73,
  "_type": "structure",
  "definition": {
    "structure": "mysterious_house-smells_like_doggo",
    "projection": "rigid",
    "ignoredBlocks": [
      {
        "value": "Blocks.STRUCTURE_BLOCK"
      }
    ],
    "spacing": 50,
    "separation": 20,
    "restrictionBiomes": [
      {
        "value": "mutated_redwood_taiga"
      }
    ],
    "terrainAdaptation": "none",
    "generationStep": "SURFACE_STRUCTURES",
    "surfaceDetectionType": "WORLD_SURFACE_WG",
    "useStartHeight": false,
    "startHeightProviderType": "UNIFORM",
    "startHeightMin": 0,
    "startHeightMax": 128,
    "size": 1,
    "maxDistanceFromCenter": 64,
    "jigsawPools": []
  }
}