{
  "display": {
    "icon": {
      "id": "minecraft:poppy"
    },
    "title": {
      "translate": "advancements.say_hi_to_doggo.title"
    },
    "description": {
      "translate": "advancements.say_hi_to_doggo.descr"
    },
    "frame": "task",
    "show_toast": true,
    "announce_to_chat": true,
    "hidden": true
  },
  "criteria": {
    "say_hi_to_doggo_0": {
      "trigger": "minecraft:impossible"
    }
  },
  "rewards": {
    "experience": 10
  },
  "parent": "my_dog_neoforge:find_doggo"
}